-- phpMyAdmin SQL Dump
-- version 5.2.0
-- https://www.phpmyadmin.net/
--
-- Хост: 127.0.0.1:3306
-- Время создания: Июн 15 2026 г., 20:01
-- Версия сервера: 8.0.30
-- Версия PHP: 8.0.22

SET SQL_MODE = "NO_AUTO_VALUE_ON_ZERO";
START TRANSACTION;
SET time_zone = "+00:00";


/*!40101 SET @OLD_CHARACTER_SET_CLIENT=@@CHARACTER_SET_CLIENT */;
/*!40101 SET @OLD_CHARACTER_SET_RESULTS=@@CHARACTER_SET_RESULTS */;
/*!40101 SET @OLD_COLLATION_CONNECTION=@@COLLATION_CONNECTION */;
/*!40101 SET NAMES utf8mb4 */;

--
-- База данных: `db_museum`
--

-- --------------------------------------------------------

--
-- Структура таблицы `data_content`
--

CREATE TABLE `data_content` (
  `id` int NOT NULL,
  `category` enum('museums','virtual_exhibitions','poster','hero_section') CHARACTER SET utf8mb4 COLLATE utf8mb4_unicode_ci NOT NULL DEFAULT 'museums',
  `img_card` varchar(100) COLLATE utf8mb4_unicode_ci DEFAULT NULL,
  `title_card` varchar(150) COLLATE utf8mb4_unicode_ci DEFAULT NULL,
  `short_description_card` varchar(255) COLLATE utf8mb4_unicode_ci DEFAULT NULL,
  `date_of_the_event` date DEFAULT NULL,
  `location_of_the_event` varchar(100) CHARACTER SET utf8mb4 COLLATE utf8mb4_unicode_ci NOT NULL,
  `main_image` varchar(100) COLLATE utf8mb4_unicode_ci DEFAULT NULL,
  `main_text` text COLLATE utf8mb4_unicode_ci,
  `block_image_1` varchar(100) COLLATE utf8mb4_unicode_ci DEFAULT NULL,
  `block_text_1` text COLLATE utf8mb4_unicode_ci,
  `block_image_2` varchar(100) COLLATE utf8mb4_unicode_ci DEFAULT NULL,
  `block_text_2` text COLLATE utf8mb4_unicode_ci,
  `block_image_3` varchar(100) COLLATE utf8mb4_unicode_ci DEFAULT NULL,
  `block_text_3` text COLLATE utf8mb4_unicode_ci
) ENGINE=InnoDB DEFAULT CHARSET=utf8mb4 COLLATE=utf8mb4_unicode_ci;

--
-- Дамп данных таблицы `data_content`
--

INSERT INTO `data_content` (`id`, `category`, `img_card`, `title_card`, `short_description_card`, `date_of_the_event`, `location_of_the_event`, `main_image`, `main_text`, `block_image_1`, `block_text_1`, `block_image_2`, `block_text_2`, `block_image_3`, `block_text_3`) VALUES
(1, 'museums', 'images/museums/imgi_22_73.jpg', 'Музей-усадьба «Горки»', 'Единственная сохранившаяся усадьба в России в неоклассическом стиле. После революции, ей удалось избежать не только разрушения архитектурно – паркового...', '2026-05-31', 'Главный дом усадьбы', 'images/museums/imgi_22_73.jpg', 'После революции, 25 сентября 1918 г., в Горки впервые приехал глава первого советского правительства В.И. Ленин. В 1972 году Музей В.И. Ленина в Горках получил статус музея-заповедника.', 'images/museums/1.jpg', 'Усадьба Горки – главный объект Государственного исторического музея-заповедника «Горки Ленинские». Живописные окрестности, неповторимая архитектура и уникальная история усадьбы вызывают неподдельный интерес у посетителей заповедника. В разное время Горками владели представители старинных дворянских фамилий: Наумовы, Трубецкие, Белосельские, Бекетовы, Бутурлины, Дурасовы, Писаревы. Лопухины.', 'images/museums/2.jpg', 'Формирование архитектурно-паркового ансамбля усадьбы относится к первой трети XIX в. Завершено строительство Большого дома и двух флигелей было при Писареве Александре Александровиче – известном политическом и общественном деятеле, участнике войны 1812 г. С конца 1870-х гг. XIX в. Горками владели представители купеческих династий Сушкиных, Прокофьевых, Шибаевых, Герасимовых.', 'images/museums/4.jpg', 'В 1909 г. имение приобрела вдова известного русского мецената, Саввы Тимофеевича Морозова, Зинаида Григорьевна, к тому времени ставшая женой московского градоначальника Анатолия Анатольевича Рейнбот. При З.Г. Морозовой-Рейнбот архитектурно-парковый ансамбль был реконструирован по последним новшествам в области технического прогресса. Работы велись при участии известных архитекторов Ф. Шехтеля, Ф. Кольбе, Н. Лазарева.'),
(2, 'museums', 'images/museums/imgi_13_nkcz-img.jpg', 'Научно-культурный центр «Музей В.И. Ленина»', 'Отличительная особенность этой экспозиции – наличие «идейно-эмоциональных центров» (аудиовизуальных комплексов или «кубов»)...', NULL, 'Музей В.И. Ленина', 'images/museums/imgi_13_nkcz-img.jpg', 'Научно-культурный центр «Музей В.И. Ленина» Музейный комплекс, построенный в 1987 году по проекту архитектора Л. Павлова, представляет собой единую пространственную среду. Внешний облик здания и его внутреннее оформление разрабатывались одновременно и подчинялись единому замыслу.', 'images/museums/1.jpeg', 'Художественное проектирование интерьеров и музейной экспозиции здания было поручено Ленинградскому комбинату живописно-оформительского искусства. Творческая группа под руководством В. Ривина и В. Короткова оснастила музей такими технологиями, которые позволяли трактовать его как место театрализованного шоу, участником которого должен стать посетитель.\r\n\r\nМежду пятью залами нет преград. Они решены в единой манере. Многослойные стеклянные витрины, перекидные альбомы, светильники, объемные карты и световые короба закреплены на специальных металлических профилях, расположенных по периметру каждого зала. Это дает возможность легко перемещать элементы экспозиции внутри залов и предоставляет неограниченные возможности трансформации и обновления содержания экспозиции.\r\n\r\nВнутри каждого зала находится эмоциональный центр – куб дымчатого стекла, служащий для демонстрации аудиовизуальной программы.', 'images/museums/3.jpeg', 'В разработке этого музейного проекта, помимо художников, были задействованы технические специалисты: инженеры и проектировщики, представители творческих профессий: сценарист, режиссер-постановщик, композитор. Комплексное оснащение эмоциональных центров было поручено специалистам английской компании Electrosonic. Именно благодаря использованию новейшего для конца 80-х годов оборудования, стало возможным передать атмосферу тех далеких уже от посетителя событий…', 'images/museums/imgi_16_mm1.jpg', 'Применение мультимедийных технологий было обосновано желанием создать музей для нового поколения, музей для человека не только думающего, но и чувствующего. И даже сегодня, особенно сегодня, когда все человечество погружено в виртуальное пространство, «Музей В.И. Ленина» представляет собой актуальный пример донесения исторического знания до посетителя.'),
(3, 'museums', 'images/museums/3.png', 'Музей «Кабинет и квартира В.И. Ленина в кремле»', '1994 год - год переезда Кремля в Горки. Поле последней реконструкции музея 2017-2018 гг., интерьеры максимально приближены к кремлевским...', NULL, 'Кабинет и квартира В.И. Ленина', 'images/museums/3.png', 'Музей «Кабинет и квартира В.И. Ленина в Кремле» имеет драматическую судьбу. Открытый в 1955 г., он был одним из самых посещаемых ленинских музеев. В 1994 г. по распоряжению Правительства Российской Федерации в связи с реконструкцией здания Сената в Кремле и размещением в нем резиденции Президента России коллекция музея «Кабинет и квартира В.И. Ленина в Кремле» была передана в Государственный исторический музей-заповедник «Горки Ленинские». .\r\n\r\nУже в январе 1995 г. экспозиция музея «Кабинет и квартира В.И. Ленина в Кремле» была развернута в здании одной из дач дореволюционной постройки, находящейся на территории парка усадьбы Горки..', 'images/museums/2.jpg', 'В правом крыле здания расположен комплекс помещений, связанных с деятельностью В.И. Ленина - руководителя Советского государства: кабинет, библиотека и зал заседаний Совнаркома. Обстановка рабочего кабинета В.И. Ленина сегодня соответствует последнему периоду его пребывания в Кремле\r\n\r\nВ левом крыле здания восстановлены прихожая, гостиная, комнаты В.И. Ленина, Н.К. Крупской, М.И. Ульяновой, столовая и кухня.', 'images/museums/5.jpg', 'Экспозиция музея включает в себя около сорока двух тысяч подлинных предметов, окружавших семью Ульяновых в годы их жизни в Кремле (1918-1939 гг.) - от визитных карточек Председателя СНК РСФСР В.И. Ленина и медикаментов, применявшихся в период его болезни, до кухонной утвари и дорожных сундуков.\r\n\r\nПодлинные экспонаты Музея «Кабинет и квартира В.И. Ленина в Кремле» до мельчайших подробностей воссоздают атмосферу, в которой жил и работал один из крупнейших политических деятелей XX в.', '', ''),
(4, 'virtual_exhibitions', 'images/virtual/imgi_47_chas-detskoj-skazki-img.jpg', 'Музейная программа «Час детской сказки»', 'Интерактивная музейная программа для детей от 3-х до 7-ми лет проводится в легкой игровой форме и приглашает участников в мир сказки.', '2026-01-29', 'Музей крестьянского быта', '', '', '', '', '', '', '', ''),
(5, 'virtual_exhibitions', 'images/virtual/imgi_43_yab.jpg', 'Музейная программа «Яблочко к яблочку»', 'Участники программы окунутся в старину русских традиций празднования медового, яблочного и орехового спасов.', '2026-02-13', 'Музей крестьянского быта', '', '', '', '', '', '', '', ''),
(6, 'virtual_exhibitions', 'images/virtual/imgi_42_mkb_0001_dsc00112.jpg', 'Музейная программа «Не потопаешь — не полопаешь»', 'Интерактивная музейная программа расскажет, как жили взрослые и дети более 100 лет назад в деревнях.', '2026-01-22', 'Музей крестьянского быта', '', '', '', '', '', '', '', ''),
(7, 'poster', 'images/posters/imgi_91_pervye-elektrostancziil-scaled.png', 'Тематическая экскурсия «Первые электростанции ГОЭЛРО»', 'Во время экскурсии по выставке посетители узнают, как создавалась и работала Государственная комиссия по электрификации России, как проходил VIII Всероссийский съeзд Советов.', '2026-06-07', 'Инженерный корпус', '', '', '', '', '', '', '', ''),
(8, 'poster', 'images/posters/imgi_66_zinaida-scaled.png', 'Тематическая экскурсия «Из купчих в дворянки. Зинаида Морозова-Рейнбот»', 'Экскурсия посвящена последней владелице усадьбы Горки – Зинаиде Григорьевне Морозовой-Рейнбот. Она была не только предприимчивой хозяйкой, но и известной в столице светской дамой.', '2026-06-17', 'Музей-усадьба «Горки»', '', '', '', '', '', '', '', ''),
(9, 'poster', 'images/posters/imgi_101_chto-za-prelest-eti-skazkib-scaled.png', 'Экскурсия «Что за прелесть эти сказки»', 'Внимательному читателю сказки А.С. Пушкина могут рассказать много интересного о реальной жизни людей Древней Руси. Стать таким читателем поможет экскурсия в Музее крестьянского быта.', '2026-06-20', 'Музей крестьянского быта', '', '', '', '', '', '', '', ''),
(12, 'museums', 'images/museums/imgi_15_mkb-img.jpg', 'Музей крестьянского быта', '9 января 1921 г. в избе Шульгиных в Горках, на встрече с местными крестьянами, Лениным был дан старт практической реализации плана ГОЭЛРО.', NULL, 'Музей крестьянского быта', 'images/museums/imgi_15_mkb-img.jpg', 'История создания этого музея связана со значимым событием, произошедшим в далеком 1921 г. Это была встреча В.И. Ленина с крестьянами деревни Горки в доме Шульгиных. Считается, что на встрече был дан старт практической реализации плана ГОЭЛРО. Деревня Горки вошла в историю как одна из первых, полностью электрифицированных в стране.\r\n\r\nСемья Шульгиных долгие годы сохраняла внутреннюю обстановку дома в память об этом событии. Позже они передали его в состав заповедника со всеми постройками. До1992 года музей, организованный в крестьянской избе, носил название: «Музей В.И. Ленина», после был переименован.', 'images/museums/imgi_24_mkb_0005_dsc00095.jpg', 'Сегодня основным вектором развития Музея крестьянского быта является историко-бытовое направление. Экспозиция, содержащая большое количество предметов домашнего обихода, рассказывает посетителям о жизни крестьян Южного Подмосковья конца XIX — начала ХХ вв. Экскурсии освещаются керосиновой лампой — свидетельницей встречи Ильича с крестьянами, которая была переоборудована под электрическую. Подлинные интерьеры и предметы повседневного быта крестьян интересны, в первую очередь, как свидетели минувшей эпохи.', 'images/museums/imgi_25_mkb_0000_dsc00107.jpg', 'Этнографическая направленность музея поспособствовала разработке большого количества музейных программ. Тематические мероприятия популяризируют календарную обрядность крестьянской жизни в доступной для широкой аудитории форме, увлекая даже самых маленьких посетителей своей интерактивной составляющей, оставляя яркое впечатление о жизни подмосковной деревни начала прошлого века.', '', ''),
(13, 'museums', 'images/museums/imgi_16_memorialnyj-garazh-img.jpg', 'Мемориальный гараж и Инженерный корпус', 'В коллекции Государственного исторического музея-заповедника «Горки Ленинские» находится уникальный экспонат — единственный в мире автомобиль «Rolls-Royce» модели «Silver Ghost» («Серебряный призрак») на полугусеничном ходу.', NULL, 'Мемориальный гараж', 'images/museums/imgi_16_memorialnyj-garazh-img.jpg', 'В коллекции Государственного исторического музея-заповедника «Горки Ленинские» находится уникальный экспонат — единственный в мире автомобиль «Rolls-Royce» модели «Silver Ghost» («Серебряный призрак») на полугусеничном ходу. Автомобиль был приобретен для главы государства В.И. Ленина в Англии осенью 1922 г. по заказу компании АРКОС (All Russian Cooperative Society Limited). Этой машиной В.И. Ленин пользовался в последние годы своей жизни.', 'images/museums/imgi_14_rr.jpg', 'В машине сконцентрированы не только технологические находки и нестандартные решения, но и отражена история автомобильного дела в целом. Шасси № 79YG и двигатель P389, изготовлены в 1922 году фирмой Rolls-Royce. Кузов — работа советских специалистов 4-го Государственного авторемонтного завода (бывшая фабрика П. Ильина).', 'images/museums/imgi_15_kt.jpg', 'После смерти Ленина машина продолжала эксплуатироваться Гаражом особого назначения. Для нужд Совнаркома в 1928 году её переделали в снегоход — к передним колесам прикрепили лыжи, а задние заменили на гусеницы. С четырьмя колёсами максимальная скорость составляла 120 км/ч, после переделки — до 60 км/ч. Мощность автомобиля — 75 л.с., объём двигателя — почти 7,5 л., вес — 2700 кг.', '', ''),
(14, 'museums', 'images/museums/imgi_17_prk.jpg', 'Парк', 'В состав каждого усадебного комплекса входил как архитектурный, так и природный компонент, основными элементами которого являлись регулярные и пейзажные парки, сады и цветники.', NULL, 'Ротонда', 'images/museums/imgi_17_prk.jpg', 'В состав каждого усадебного комплекса входил как архитектурный, так и природный компонент, основными элементами которого являлись регулярные и пейзажные парки, сады и цветники.\r\n\r\nСуществующий в настоящее время усадебный парк в Горках разбивался среди густого леса в первой четверти XIX в, когда усадьбой владел А.А. Писарев. Ландшафт местности определил деление парка на нижний, пейзажный, круто спускающийся по речному обрыву, и верхний, регулярный, расположенный на равнинном плато за главным домом. Несмотря на определенную типичность, каждый старинный парк имеет свою, только ему присущую особенность.', 'images/museums/imgi_23_khar5028.jpg', 'Своеобразие усадебного парка в Горках заключается в том, что, вопреки традициям садово-паркового искусства, главная аллея регулярного парка не совпадает с центральной композиционной осью архитектурного ансамбля и начинается у торца бокового Северного флигеля. Такое планировочное решение позволило сохранить на территории верхнего парка усадьбы 59 курганов вятичей, живших здесь в XII — нач. XIII вв.', 'images/museums/imgi_24_otot.jpg', 'В регулярном парке в этот период была создана целая система крестообразных аллей, которые определяли маршрут пеших и конных прогулок по парку. Деревья подвергались стрижке в виде шпалер высотой около трех метров, о чем в настоящее время свидетельствуют вздутия или раздвоения стволов на одной высоте во всех аллейных посадках.', '', ''),
(16, 'poster', 'images/posters/imgi_80_tolko-lenin-3-scaled.png', 'Тематическая экскурсия «Только Ленин»', 'В Горки В.И. Ленин впервые приехал 25 сентября 1918 года для восстановления после ранения. Усадьба стала его загородной резиденцией, где он провел в коротких деловых отпусках около двух с половиной лет и написал более 900 работ.', '2026-06-07', 'Усадьба Горки', '', '', '', '', '', '', '', ''),
(17, 'virtual_exhibitions', 'images/virtual/imgi_46_pasha.jpg', 'Музейная программа «Пасха — праздник праздников»', '20 апреля православные верующие будут отмечать Пасху или Светлое Христово Воскресение, самый древний христианский праздник. Он символизирует победу жизни над смертью и традиционно считается важнейшей датой в православном календаре.', '2026-01-17', 'Музей крестьянского быта', '', '', '', '', '', '', '', ''),
(18, 'hero_section', 'images/hero/Page_1.jpg', 'Слайд 1', '', NULL, '', NULL, NULL, NULL, NULL, NULL, NULL, NULL, NULL),
(19, 'hero_section', 'images/hero/Page_2.jpg', 'Слайд 2', '', NULL, '', NULL, NULL, NULL, NULL, NULL, NULL, NULL, NULL),
(21, 'hero_section', 'images/hero/Page_4.jpg', 'Слайд 4', '', NULL, '', NULL, NULL, NULL, NULL, NULL, NULL, NULL, NULL);

-- --------------------------------------------------------

--
-- Структура таблицы `orders`
--

CREATE TABLE `orders` (
  `id` int NOT NULL,
  `full_name` varchar(255) COLLATE utf8mb4_unicode_ci NOT NULL,
  `email` varchar(255) COLLATE utf8mb4_unicode_ci NOT NULL,
  `phone` varchar(50) COLLATE utf8mb4_unicode_ci NOT NULL,
  `country_code` varchar(5) COLLATE utf8mb4_unicode_ci DEFAULT '+7',
  `booking_id` int DEFAULT NULL,
  `order_number` varchar(50) COLLATE utf8mb4_unicode_ci NOT NULL,
  `order_status` enum('new','awaiting_payment','paid','completed','cancelled') COLLATE utf8mb4_unicode_ci DEFAULT 'new',
  `qr_code_token` varchar(100) COLLATE utf8mb4_unicode_ci DEFAULT NULL,
  `qr_code_url` varchar(255) COLLATE utf8mb4_unicode_ci DEFAULT NULL,
  `ticket_verified` tinyint(1) DEFAULT '0',
  `total_amount` decimal(10,2) NOT NULL,
  `payment_status` enum('unpaid','paid','refunded') COLLATE utf8mb4_unicode_ci DEFAULT 'unpaid',
  `payment_method` enum('bank_card','pushkin_card','cash') COLLATE utf8mb4_unicode_ci DEFAULT NULL,
  `created_at` timestamp NULL DEFAULT CURRENT_TIMESTAMP
) ENGINE=InnoDB DEFAULT CHARSET=utf8mb4 COLLATE=utf8mb4_unicode_ci;

-- --------------------------------------------------------

--
-- Структура таблицы `session_schedule`
--

CREATE TABLE `session_schedule` (
  `id` int NOT NULL,
  `event_id` int NOT NULL,
  `session_date` date NOT NULL,
  `session_time` time NOT NULL,
  `day_of_week` enum('ПН','ВТ','СР','ЧТ','ПТ','СБ','ВС') COLLATE utf8mb4_unicode_ci NOT NULL,
  `total_tickets` int DEFAULT '50',
  `available_tickets` int DEFAULT '50',
  `sold_tickets` int DEFAULT '0',
  `is_active` tinyint(1) DEFAULT '1',
  `created_at` timestamp NULL DEFAULT CURRENT_TIMESTAMP
) ENGINE=InnoDB DEFAULT CHARSET=utf8mb4 COLLATE=utf8mb4_unicode_ci;

--
-- Дамп данных таблицы `session_schedule`
--

INSERT INTO `session_schedule` (`id`, `event_id`, `session_date`, `session_time`, `day_of_week`, `total_tickets`, `available_tickets`, `sold_tickets`, `is_active`, `created_at`) VALUES
(1, 1, '2026-06-15', '10:00:00', 'ПН', 50, 50, 0, 1, '2026-06-15 16:35:43'),
(2, 1, '2026-06-15', '14:00:00', 'ПН', 50, 50, 0, 1, '2026-06-15 16:35:43'),
(3, 1, '2026-06-15', '18:00:00', 'ПН', 50, 50, 0, 1, '2026-06-15 16:35:43'),
(4, 1, '2026-06-16', '10:00:00', 'ВТ', 50, 50, 0, 1, '2026-06-15 16:35:43'),
(5, 1, '2026-06-16', '14:00:00', 'ВТ', 50, 50, 0, 1, '2026-06-15 16:35:43'),
(6, 1, '2026-06-16', '18:00:00', 'ВТ', 50, 50, 0, 1, '2026-06-15 16:35:43'),
(7, 1, '2026-06-17', '10:00:00', 'СР', 50, 50, 0, 1, '2026-06-15 16:35:43'),
(8, 1, '2026-06-17', '14:00:00', 'СР', 50, 50, 0, 1, '2026-06-15 16:35:43'),
(9, 1, '2026-06-17', '18:00:00', 'СР', 50, 50, 0, 1, '2026-06-15 16:35:43'),
(10, 1, '2026-06-18', '10:00:00', 'ЧТ', 50, 50, 0, 1, '2026-06-15 16:35:43'),
(11, 1, '2026-06-18', '14:00:00', 'ЧТ', 50, 50, 0, 1, '2026-06-15 16:35:43'),
(12, 1, '2026-06-18', '18:00:00', 'ЧТ', 50, 50, 0, 1, '2026-06-15 16:35:43'),
(13, 1, '2026-06-19', '10:00:00', 'ПТ', 50, 50, 0, 1, '2026-06-15 16:35:43'),
(14, 1, '2026-06-19', '14:00:00', 'ПТ', 50, 50, 0, 1, '2026-06-15 16:35:43'),
(15, 1, '2026-06-19', '18:00:00', 'ПТ', 50, 50, 0, 1, '2026-06-15 16:35:43'),
(16, 1, '2026-06-20', '10:00:00', 'СБ', 50, 50, 0, 1, '2026-06-15 16:35:43'),
(17, 1, '2026-06-20', '14:00:00', 'СБ', 50, 50, 0, 1, '2026-06-15 16:35:43'),
(18, 1, '2026-06-20', '18:00:00', 'СБ', 50, 50, 0, 1, '2026-06-15 16:35:43'),
(19, 1, '2026-06-21', '10:00:00', 'ВС', 50, 50, 0, 1, '2026-06-15 16:35:43'),
(20, 1, '2026-06-21', '14:00:00', 'ВС', 50, 50, 0, 1, '2026-06-15 16:35:43'),
(21, 1, '2026-06-21', '18:00:00', 'ВС', 50, 50, 0, 1, '2026-06-15 16:35:43'),
(22, 2, '2026-06-15', '10:00:00', 'ПН', 50, 50, 0, 1, '2026-06-15 16:35:43'),
(23, 2, '2026-06-15', '14:00:00', 'ПН', 50, 50, 0, 1, '2026-06-15 16:35:43'),
(24, 2, '2026-06-15', '18:00:00', 'ПН', 50, 50, 0, 1, '2026-06-15 16:35:43'),
(25, 2, '2026-06-16', '10:00:00', 'ВТ', 50, 50, 0, 1, '2026-06-15 16:35:43'),
(26, 2, '2026-06-16', '14:00:00', 'ВТ', 50, 50, 0, 1, '2026-06-15 16:35:43'),
(27, 2, '2026-06-16', '18:00:00', 'ВТ', 50, 50, 0, 1, '2026-06-15 16:35:43'),
(28, 2, '2026-06-17', '10:00:00', 'СР', 50, 50, 0, 1, '2026-06-15 16:35:43'),
(29, 2, '2026-06-17', '14:00:00', 'СР', 50, 50, 0, 1, '2026-06-15 16:35:43'),
(30, 2, '2026-06-17', '18:00:00', 'СР', 50, 50, 0, 1, '2026-06-15 16:35:43'),
(31, 2, '2026-06-18', '10:00:00', 'ЧТ', 50, 50, 0, 1, '2026-06-15 16:35:43'),
(32, 2, '2026-06-18', '14:00:00', 'ЧТ', 50, 50, 0, 1, '2026-06-15 16:35:43'),
(33, 2, '2026-06-18', '18:00:00', 'ЧТ', 50, 50, 0, 1, '2026-06-15 16:35:43'),
(34, 2, '2026-06-19', '10:00:00', 'ПТ', 50, 50, 0, 1, '2026-06-15 16:35:43'),
(35, 2, '2026-06-19', '14:00:00', 'ПТ', 50, 50, 0, 1, '2026-06-15 16:35:43'),
(36, 2, '2026-06-19', '18:00:00', 'ПТ', 50, 50, 0, 1, '2026-06-15 16:35:43'),
(37, 2, '2026-06-20', '10:00:00', 'СБ', 50, 50, 0, 1, '2026-06-15 16:35:43'),
(38, 2, '2026-06-20', '14:00:00', 'СБ', 50, 50, 0, 1, '2026-06-15 16:35:43'),
(39, 2, '2026-06-20', '18:00:00', 'СБ', 50, 50, 0, 1, '2026-06-15 16:35:43'),
(40, 2, '2026-06-21', '10:00:00', 'ВС', 50, 50, 0, 1, '2026-06-15 16:35:43'),
(41, 2, '2026-06-21', '14:00:00', 'ВС', 50, 50, 0, 1, '2026-06-15 16:35:43'),
(42, 2, '2026-06-21', '18:00:00', 'ВС', 50, 50, 0, 1, '2026-06-15 16:35:43'),
(43, 3, '2026-06-15', '10:00:00', 'ПН', 50, 50, 0, 1, '2026-06-15 16:35:43'),
(44, 3, '2026-06-15', '14:00:00', 'ПН', 50, 50, 0, 1, '2026-06-15 16:35:43'),
(45, 3, '2026-06-15', '18:00:00', 'ПН', 50, 50, 0, 1, '2026-06-15 16:35:43'),
(46, 3, '2026-06-16', '10:00:00', 'ВТ', 50, 50, 0, 1, '2026-06-15 16:35:43'),
(47, 3, '2026-06-16', '14:00:00', 'ВТ', 50, 50, 0, 1, '2026-06-15 16:35:43'),
(48, 3, '2026-06-16', '18:00:00', 'ВТ', 50, 50, 0, 1, '2026-06-15 16:35:43'),
(49, 3, '2026-06-17', '10:00:00', 'СР', 50, 50, 0, 1, '2026-06-15 16:35:43'),
(50, 3, '2026-06-17', '14:00:00', 'СР', 50, 50, 0, 1, '2026-06-15 16:35:43'),
(51, 3, '2026-06-17', '18:00:00', 'СР', 50, 50, 0, 1, '2026-06-15 16:35:43'),
(52, 3, '2026-06-18', '10:00:00', 'ЧТ', 50, 50, 0, 1, '2026-06-15 16:35:43'),
(53, 3, '2026-06-18', '14:00:00', 'ЧТ', 50, 50, 0, 1, '2026-06-15 16:35:43'),
(54, 3, '2026-06-18', '18:00:00', 'ЧТ', 50, 50, 0, 1, '2026-06-15 16:35:43'),
(55, 3, '2026-06-19', '10:00:00', 'ПТ', 50, 50, 0, 1, '2026-06-15 16:35:43'),
(56, 3, '2026-06-19', '14:00:00', 'ПТ', 50, 50, 0, 1, '2026-06-15 16:35:43'),
(57, 3, '2026-06-19', '18:00:00', 'ПТ', 50, 50, 0, 1, '2026-06-15 16:35:43'),
(58, 3, '2026-06-20', '10:00:00', 'СБ', 50, 50, 0, 1, '2026-06-15 16:35:43'),
(59, 3, '2026-06-20', '14:00:00', 'СБ', 50, 50, 0, 1, '2026-06-15 16:35:43'),
(60, 3, '2026-06-20', '18:00:00', 'СБ', 50, 50, 0, 1, '2026-06-15 16:35:43'),
(61, 3, '2026-06-21', '10:00:00', 'ВС', 50, 50, 0, 1, '2026-06-15 16:35:43'),
(62, 3, '2026-06-21', '14:00:00', 'ВС', 50, 50, 0, 1, '2026-06-15 16:35:43'),
(63, 3, '2026-06-21', '18:00:00', 'ВС', 50, 50, 0, 1, '2026-06-15 16:35:43'),
(64, 4, '2026-06-15', '10:00:00', 'ПН', 50, 50, 0, 1, '2026-06-15 16:35:43'),
(65, 4, '2026-06-15', '14:00:00', 'ПН', 50, 50, 0, 1, '2026-06-15 16:35:43'),
(66, 4, '2026-06-15', '18:00:00', 'ПН', 50, 50, 0, 1, '2026-06-15 16:35:43'),
(67, 4, '2026-06-16', '10:00:00', 'ВТ', 50, 50, 0, 1, '2026-06-15 16:35:43'),
(68, 4, '2026-06-16', '14:00:00', 'ВТ', 50, 50, 0, 1, '2026-06-15 16:35:43'),
(69, 4, '2026-06-16', '18:00:00', 'ВТ', 50, 50, 0, 1, '2026-06-15 16:35:43'),
(70, 4, '2026-06-17', '10:00:00', 'СР', 50, 50, 0, 1, '2026-06-15 16:35:43'),
(71, 4, '2026-06-17', '14:00:00', 'СР', 50, 50, 0, 1, '2026-06-15 16:35:43'),
(72, 4, '2026-06-17', '18:00:00', 'СР', 50, 50, 0, 1, '2026-06-15 16:35:43'),
(73, 4, '2026-06-18', '10:00:00', 'ЧТ', 50, 50, 0, 1, '2026-06-15 16:35:43'),
(74, 4, '2026-06-18', '14:00:00', 'ЧТ', 50, 50, 0, 1, '2026-06-15 16:35:43'),
(75, 4, '2026-06-18', '18:00:00', 'ЧТ', 50, 50, 0, 1, '2026-06-15 16:35:43'),
(76, 4, '2026-06-19', '10:00:00', 'ПТ', 50, 50, 0, 1, '2026-06-15 16:35:43'),
(77, 4, '2026-06-19', '14:00:00', 'ПТ', 50, 50, 0, 1, '2026-06-15 16:35:43'),
(78, 4, '2026-06-19', '18:00:00', 'ПТ', 50, 50, 0, 1, '2026-06-15 16:35:43'),
(79, 4, '2026-06-20', '10:00:00', 'СБ', 50, 50, 0, 1, '2026-06-15 16:35:43'),
(80, 4, '2026-06-20', '14:00:00', 'СБ', 50, 50, 0, 1, '2026-06-15 16:35:43'),
(81, 4, '2026-06-20', '18:00:00', 'СБ', 50, 50, 0, 1, '2026-06-15 16:35:43'),
(82, 4, '2026-06-21', '10:00:00', 'ВС', 50, 50, 0, 1, '2026-06-15 16:35:43'),
(83, 4, '2026-06-21', '14:00:00', 'ВС', 50, 50, 0, 1, '2026-06-15 16:35:43'),
(84, 4, '2026-06-21', '18:00:00', 'ВС', 50, 50, 0, 1, '2026-06-15 16:35:43'),
(85, 5, '2026-06-15', '10:00:00', 'ПН', 50, 50, 0, 1, '2026-06-15 16:35:43'),
(86, 5, '2026-06-15', '14:00:00', 'ПН', 50, 50, 0, 1, '2026-06-15 16:35:43'),
(87, 5, '2026-06-15', '18:00:00', 'ПН', 50, 50, 0, 1, '2026-06-15 16:35:43'),
(88, 5, '2026-06-16', '10:00:00', 'ВТ', 50, 50, 0, 1, '2026-06-15 16:35:43'),
(89, 5, '2026-06-16', '14:00:00', 'ВТ', 50, 50, 0, 1, '2026-06-15 16:35:43'),
(90, 5, '2026-06-16', '18:00:00', 'ВТ', 50, 50, 0, 1, '2026-06-15 16:35:43'),
(91, 5, '2026-06-17', '10:00:00', 'СР', 50, 50, 0, 1, '2026-06-15 16:35:43'),
(92, 5, '2026-06-17', '14:00:00', 'СР', 50, 50, 0, 1, '2026-06-15 16:35:43'),
(93, 5, '2026-06-17', '18:00:00', 'СР', 50, 50, 0, 1, '2026-06-15 16:35:43'),
(94, 5, '2026-06-18', '10:00:00', 'ЧТ', 50, 50, 0, 1, '2026-06-15 16:35:43'),
(95, 5, '2026-06-18', '14:00:00', 'ЧТ', 50, 50, 0, 1, '2026-06-15 16:35:43'),
(96, 5, '2026-06-18', '18:00:00', 'ЧТ', 50, 50, 0, 1, '2026-06-15 16:35:43'),
(97, 5, '2026-06-19', '10:00:00', 'ПТ', 50, 50, 0, 1, '2026-06-15 16:35:43'),
(98, 5, '2026-06-19', '14:00:00', 'ПТ', 50, 50, 0, 1, '2026-06-15 16:35:43'),
(99, 5, '2026-06-19', '18:00:00', 'ПТ', 50, 50, 0, 1, '2026-06-15 16:35:43'),
(100, 5, '2026-06-20', '10:00:00', 'СБ', 50, 50, 0, 1, '2026-06-15 16:35:43'),
(101, 5, '2026-06-20', '14:00:00', 'СБ', 50, 50, 0, 1, '2026-06-15 16:35:43'),
(102, 5, '2026-06-20', '18:00:00', 'СБ', 50, 50, 0, 1, '2026-06-15 16:35:43'),
(103, 5, '2026-06-21', '10:00:00', 'ВС', 50, 50, 0, 1, '2026-06-15 16:35:43'),
(104, 5, '2026-06-21', '14:00:00', 'ВС', 50, 50, 0, 1, '2026-06-15 16:35:43'),
(105, 5, '2026-06-21', '18:00:00', 'ВС', 50, 50, 0, 1, '2026-06-15 16:35:43'),
(106, 6, '2026-06-15', '10:00:00', 'ПН', 50, 50, 0, 1, '2026-06-15 16:35:43'),
(107, 6, '2026-06-15', '14:00:00', 'ПН', 50, 50, 0, 1, '2026-06-15 16:35:43'),
(108, 6, '2026-06-15', '18:00:00', 'ПН', 50, 50, 0, 1, '2026-06-15 16:35:43'),
(109, 6, '2026-06-16', '10:00:00', 'ВТ', 50, 50, 0, 1, '2026-06-15 16:35:43'),
(110, 6, '2026-06-16', '14:00:00', 'ВТ', 50, 50, 0, 1, '2026-06-15 16:35:43'),
(111, 6, '2026-06-16', '18:00:00', 'ВТ', 50, 50, 0, 1, '2026-06-15 16:35:43'),
(112, 6, '2026-06-17', '10:00:00', 'СР', 50, 50, 0, 1, '2026-06-15 16:35:43'),
(113, 6, '2026-06-17', '14:00:00', 'СР', 50, 50, 0, 1, '2026-06-15 16:35:43'),
(114, 6, '2026-06-17', '18:00:00', 'СР', 50, 50, 0, 1, '2026-06-15 16:35:43'),
(115, 6, '2026-06-18', '10:00:00', 'ЧТ', 50, 50, 0, 1, '2026-06-15 16:35:43'),
(116, 6, '2026-06-18', '14:00:00', 'ЧТ', 50, 50, 0, 1, '2026-06-15 16:35:43'),
(117, 6, '2026-06-18', '18:00:00', 'ЧТ', 50, 50, 0, 1, '2026-06-15 16:35:43'),
(118, 6, '2026-06-19', '10:00:00', 'ПТ', 50, 50, 0, 1, '2026-06-15 16:35:43'),
(119, 6, '2026-06-19', '14:00:00', 'ПТ', 50, 50, 0, 1, '2026-06-15 16:35:43'),
(120, 6, '2026-06-19', '18:00:00', 'ПТ', 50, 50, 0, 1, '2026-06-15 16:35:43'),
(121, 6, '2026-06-20', '10:00:00', 'СБ', 50, 50, 0, 1, '2026-06-15 16:35:43'),
(122, 6, '2026-06-20', '14:00:00', 'СБ', 50, 50, 0, 1, '2026-06-15 16:35:43'),
(123, 6, '2026-06-20', '18:00:00', 'СБ', 50, 50, 0, 1, '2026-06-15 16:35:43'),
(124, 6, '2026-06-21', '10:00:00', 'ВС', 50, 50, 0, 1, '2026-06-15 16:35:43'),
(125, 6, '2026-06-21', '14:00:00', 'ВС', 50, 50, 0, 1, '2026-06-15 16:35:43'),
(126, 6, '2026-06-21', '18:00:00', 'ВС', 50, 50, 0, 1, '2026-06-15 16:35:43'),
(127, 7, '2026-06-15', '10:00:00', 'ПН', 50, 50, 0, 1, '2026-06-15 16:35:43'),
(128, 7, '2026-06-15', '14:00:00', 'ПН', 50, 50, 0, 1, '2026-06-15 16:35:43'),
(129, 7, '2026-06-15', '18:00:00', 'ПН', 50, 50, 0, 1, '2026-06-15 16:35:43'),
(130, 7, '2026-06-16', '10:00:00', 'ВТ', 50, 50, 0, 1, '2026-06-15 16:35:43'),
(131, 7, '2026-06-16', '14:00:00', 'ВТ', 50, 50, 0, 1, '2026-06-15 16:35:43'),
(132, 7, '2026-06-16', '18:00:00', 'ВТ', 50, 50, 0, 1, '2026-06-15 16:35:43'),
(133, 7, '2026-06-17', '10:00:00', 'СР', 50, 50, 0, 1, '2026-06-15 16:35:43'),
(134, 7, '2026-06-17', '14:00:00', 'СР', 50, 50, 0, 1, '2026-06-15 16:35:43'),
(135, 7, '2026-06-17', '18:00:00', 'СР', 50, 50, 0, 1, '2026-06-15 16:35:43'),
(136, 7, '2026-06-18', '10:00:00', 'ЧТ', 50, 50, 0, 1, '2026-06-15 16:35:43'),
(137, 7, '2026-06-18', '14:00:00', 'ЧТ', 50, 50, 0, 1, '2026-06-15 16:35:43'),
(138, 7, '2026-06-18', '18:00:00', 'ЧТ', 50, 50, 0, 1, '2026-06-15 16:35:43'),
(139, 7, '2026-06-19', '10:00:00', 'ПТ', 50, 50, 0, 1, '2026-06-15 16:35:43'),
(140, 7, '2026-06-19', '14:00:00', 'ПТ', 50, 50, 0, 1, '2026-06-15 16:35:43'),
(141, 7, '2026-06-19', '18:00:00', 'ПТ', 50, 50, 0, 1, '2026-06-15 16:35:43'),
(142, 7, '2026-06-20', '10:00:00', 'СБ', 50, 50, 0, 1, '2026-06-15 16:35:43'),
(143, 7, '2026-06-20', '14:00:00', 'СБ', 50, 50, 0, 1, '2026-06-15 16:35:43'),
(144, 7, '2026-06-20', '18:00:00', 'СБ', 50, 50, 0, 1, '2026-06-15 16:35:43'),
(145, 7, '2026-06-21', '10:00:00', 'ВС', 50, 50, 0, 1, '2026-06-15 16:35:43'),
(146, 7, '2026-06-21', '14:00:00', 'ВС', 50, 50, 0, 1, '2026-06-15 16:35:43'),
(147, 7, '2026-06-21', '18:00:00', 'ВС', 50, 50, 0, 1, '2026-06-15 16:35:43'),
(148, 8, '2026-06-15', '10:00:00', 'ПН', 50, 50, 0, 1, '2026-06-15 16:35:43'),
(149, 8, '2026-06-15', '14:00:00', 'ПН', 50, 50, 0, 1, '2026-06-15 16:35:43'),
(150, 8, '2026-06-15', '18:00:00', 'ПН', 50, 50, 0, 1, '2026-06-15 16:35:43'),
(151, 8, '2026-06-16', '10:00:00', 'ВТ', 50, 50, 0, 1, '2026-06-15 16:35:43'),
(152, 8, '2026-06-16', '14:00:00', 'ВТ', 50, 50, 0, 1, '2026-06-15 16:35:43'),
(153, 8, '2026-06-16', '18:00:00', 'ВТ', 50, 50, 0, 1, '2026-06-15 16:35:43'),
(154, 8, '2026-06-17', '10:00:00', 'СР', 50, 50, 0, 1, '2026-06-15 16:35:43'),
(155, 8, '2026-06-17', '14:00:00', 'СР', 50, 50, 0, 1, '2026-06-15 16:35:43'),
(156, 8, '2026-06-17', '18:00:00', 'СР', 50, 50, 0, 1, '2026-06-15 16:35:43'),
(157, 8, '2026-06-18', '10:00:00', 'ЧТ', 50, 50, 0, 1, '2026-06-15 16:35:43'),
(158, 8, '2026-06-18', '14:00:00', 'ЧТ', 50, 50, 0, 1, '2026-06-15 16:35:43'),
(159, 8, '2026-06-18', '18:00:00', 'ЧТ', 50, 50, 0, 1, '2026-06-15 16:35:43'),
(160, 8, '2026-06-19', '10:00:00', 'ПТ', 50, 50, 0, 1, '2026-06-15 16:35:43'),
(161, 8, '2026-06-19', '14:00:00', 'ПТ', 50, 50, 0, 1, '2026-06-15 16:35:43'),
(162, 8, '2026-06-19', '18:00:00', 'ПТ', 50, 50, 0, 1, '2026-06-15 16:35:43'),
(163, 8, '2026-06-20', '10:00:00', 'СБ', 50, 50, 0, 1, '2026-06-15 16:35:43'),
(164, 8, '2026-06-20', '14:00:00', 'СБ', 50, 50, 0, 1, '2026-06-15 16:35:43'),
(165, 8, '2026-06-20', '18:00:00', 'СБ', 50, 50, 0, 1, '2026-06-15 16:35:43'),
(166, 8, '2026-06-21', '10:00:00', 'ВС', 50, 50, 0, 1, '2026-06-15 16:35:43'),
(167, 8, '2026-06-21', '14:00:00', 'ВС', 50, 50, 0, 1, '2026-06-15 16:35:43'),
(168, 8, '2026-06-21', '18:00:00', 'ВС', 50, 50, 0, 1, '2026-06-15 16:35:43'),
(169, 9, '2026-06-15', '10:00:00', 'ПН', 50, 50, 0, 1, '2026-06-15 16:35:43'),
(170, 9, '2026-06-15', '14:00:00', 'ПН', 50, 50, 0, 1, '2026-06-15 16:35:43'),
(171, 9, '2026-06-15', '18:00:00', 'ПН', 50, 50, 0, 1, '2026-06-15 16:35:43'),
(172, 9, '2026-06-16', '10:00:00', 'ВТ', 50, 50, 0, 1, '2026-06-15 16:35:43'),
(173, 9, '2026-06-16', '14:00:00', 'ВТ', 50, 50, 0, 1, '2026-06-15 16:35:43'),
(174, 9, '2026-06-16', '18:00:00', 'ВТ', 50, 50, 0, 1, '2026-06-15 16:35:43'),
(175, 9, '2026-06-17', '10:00:00', 'СР', 50, 50, 0, 1, '2026-06-15 16:35:43'),
(176, 9, '2026-06-17', '14:00:00', 'СР', 50, 50, 0, 1, '2026-06-15 16:35:43'),
(177, 9, '2026-06-17', '18:00:00', 'СР', 50, 50, 0, 1, '2026-06-15 16:35:43'),
(178, 9, '2026-06-18', '10:00:00', 'ЧТ', 50, 50, 0, 1, '2026-06-15 16:35:43'),
(179, 9, '2026-06-18', '14:00:00', 'ЧТ', 50, 50, 0, 1, '2026-06-15 16:35:43'),
(180, 9, '2026-06-18', '18:00:00', 'ЧТ', 50, 50, 0, 1, '2026-06-15 16:35:43'),
(181, 9, '2026-06-19', '10:00:00', 'ПТ', 50, 50, 0, 1, '2026-06-15 16:35:43'),
(182, 9, '2026-06-19', '14:00:00', 'ПТ', 50, 50, 0, 1, '2026-06-15 16:35:43'),
(183, 9, '2026-06-19', '18:00:00', 'ПТ', 50, 50, 0, 1, '2026-06-15 16:35:43'),
(184, 9, '2026-06-20', '10:00:00', 'СБ', 50, 50, 0, 1, '2026-06-15 16:35:43'),
(185, 9, '2026-06-20', '14:00:00', 'СБ', 50, 50, 0, 1, '2026-06-15 16:35:43'),
(186, 9, '2026-06-20', '18:00:00', 'СБ', 50, 50, 0, 1, '2026-06-15 16:35:43'),
(187, 9, '2026-06-21', '10:00:00', 'ВС', 50, 50, 0, 1, '2026-06-15 16:35:43'),
(188, 9, '2026-06-21', '14:00:00', 'ВС', 50, 50, 0, 1, '2026-06-15 16:35:43'),
(189, 9, '2026-06-21', '18:00:00', 'ВС', 50, 50, 0, 1, '2026-06-15 16:35:43'),
(190, 12, '2026-06-15', '10:00:00', 'ПН', 50, 50, 0, 1, '2026-06-15 16:35:43'),
(191, 12, '2026-06-15', '14:00:00', 'ПН', 50, 50, 0, 1, '2026-06-15 16:35:43'),
(192, 12, '2026-06-15', '18:00:00', 'ПН', 50, 50, 0, 1, '2026-06-15 16:35:43'),
(193, 12, '2026-06-16', '10:00:00', 'ВТ', 50, 50, 0, 1, '2026-06-15 16:35:43'),
(194, 12, '2026-06-16', '14:00:00', 'ВТ', 50, 50, 0, 1, '2026-06-15 16:35:43'),
(195, 12, '2026-06-16', '18:00:00', 'ВТ', 50, 50, 0, 1, '2026-06-15 16:35:43'),
(196, 12, '2026-06-17', '10:00:00', 'СР', 50, 50, 0, 1, '2026-06-15 16:35:43'),
(197, 12, '2026-06-17', '14:00:00', 'СР', 50, 50, 0, 1, '2026-06-15 16:35:43'),
(198, 12, '2026-06-17', '18:00:00', 'СР', 50, 50, 0, 1, '2026-06-15 16:35:43'),
(199, 12, '2026-06-18', '10:00:00', 'ЧТ', 50, 50, 0, 1, '2026-06-15 16:35:43'),
(200, 12, '2026-06-18', '14:00:00', 'ЧТ', 50, 50, 0, 1, '2026-06-15 16:35:43'),
(201, 12, '2026-06-18', '18:00:00', 'ЧТ', 50, 50, 0, 1, '2026-06-15 16:35:43'),
(202, 12, '2026-06-19', '10:00:00', 'ПТ', 50, 50, 0, 1, '2026-06-15 16:35:43'),
(203, 12, '2026-06-19', '14:00:00', 'ПТ', 50, 50, 0, 1, '2026-06-15 16:35:43'),
(204, 12, '2026-06-19', '18:00:00', 'ПТ', 50, 50, 0, 1, '2026-06-15 16:35:43'),
(205, 12, '2026-06-20', '10:00:00', 'СБ', 50, 50, 0, 1, '2026-06-15 16:35:43'),
(206, 12, '2026-06-20', '14:00:00', 'СБ', 50, 50, 0, 1, '2026-06-15 16:35:43'),
(207, 12, '2026-06-20', '18:00:00', 'СБ', 50, 50, 0, 1, '2026-06-15 16:35:43'),
(208, 12, '2026-06-21', '10:00:00', 'ВС', 50, 50, 0, 1, '2026-06-15 16:35:43'),
(209, 12, '2026-06-21', '14:00:00', 'ВС', 50, 50, 0, 1, '2026-06-15 16:35:43'),
(210, 12, '2026-06-21', '18:00:00', 'ВС', 50, 50, 0, 1, '2026-06-15 16:35:43'),
(211, 13, '2026-06-15', '10:00:00', 'ПН', 50, 50, 0, 1, '2026-06-15 16:35:43'),
(212, 13, '2026-06-15', '14:00:00', 'ПН', 50, 50, 0, 1, '2026-06-15 16:35:43'),
(213, 13, '2026-06-15', '18:00:00', 'ПН', 50, 50, 0, 1, '2026-06-15 16:35:43'),
(214, 13, '2026-06-16', '10:00:00', 'ВТ', 50, 50, 0, 1, '2026-06-15 16:35:43'),
(215, 13, '2026-06-16', '14:00:00', 'ВТ', 50, 50, 0, 1, '2026-06-15 16:35:43'),
(216, 13, '2026-06-16', '18:00:00', 'ВТ', 50, 50, 0, 1, '2026-06-15 16:35:43'),
(217, 13, '2026-06-17', '10:00:00', 'СР', 50, 50, 0, 1, '2026-06-15 16:35:43'),
(218, 13, '2026-06-17', '14:00:00', 'СР', 50, 50, 0, 1, '2026-06-15 16:35:43'),
(219, 13, '2026-06-17', '18:00:00', 'СР', 50, 50, 0, 1, '2026-06-15 16:35:43'),
(220, 13, '2026-06-18', '10:00:00', 'ЧТ', 50, 50, 0, 1, '2026-06-15 16:35:43'),
(221, 13, '2026-06-18', '14:00:00', 'ЧТ', 50, 50, 0, 1, '2026-06-15 16:35:43'),
(222, 13, '2026-06-18', '18:00:00', 'ЧТ', 50, 50, 0, 1, '2026-06-15 16:35:43'),
(223, 13, '2026-06-19', '10:00:00', 'ПТ', 50, 50, 0, 1, '2026-06-15 16:35:43'),
(224, 13, '2026-06-19', '14:00:00', 'ПТ', 50, 50, 0, 1, '2026-06-15 16:35:43'),
(225, 13, '2026-06-19', '18:00:00', 'ПТ', 50, 50, 0, 1, '2026-06-15 16:35:43'),
(226, 13, '2026-06-20', '10:00:00', 'СБ', 50, 50, 0, 1, '2026-06-15 16:35:43'),
(227, 13, '2026-06-20', '14:00:00', 'СБ', 50, 50, 0, 1, '2026-06-15 16:35:43'),
(228, 13, '2026-06-20', '18:00:00', 'СБ', 50, 50, 0, 1, '2026-06-15 16:35:43'),
(229, 13, '2026-06-21', '10:00:00', 'ВС', 50, 50, 0, 1, '2026-06-15 16:35:43'),
(230, 13, '2026-06-21', '14:00:00', 'ВС', 50, 50, 0, 1, '2026-06-15 16:35:43'),
(231, 13, '2026-06-21', '18:00:00', 'ВС', 50, 50, 0, 1, '2026-06-15 16:35:43'),
(232, 14, '2026-06-15', '10:00:00', 'ПН', 50, 50, 0, 1, '2026-06-15 16:35:43'),
(233, 14, '2026-06-15', '14:00:00', 'ПН', 50, 50, 0, 1, '2026-06-15 16:35:43'),
(234, 14, '2026-06-15', '18:00:00', 'ПН', 50, 50, 0, 1, '2026-06-15 16:35:43'),
(235, 14, '2026-06-16', '10:00:00', 'ВТ', 50, 50, 0, 1, '2026-06-15 16:35:43'),
(236, 14, '2026-06-16', '14:00:00', 'ВТ', 50, 50, 0, 1, '2026-06-15 16:35:43'),
(237, 14, '2026-06-16', '18:00:00', 'ВТ', 50, 50, 0, 1, '2026-06-15 16:35:43'),
(238, 14, '2026-06-17', '10:00:00', 'СР', 50, 50, 0, 1, '2026-06-15 16:35:43'),
(239, 14, '2026-06-17', '14:00:00', 'СР', 50, 50, 0, 1, '2026-06-15 16:35:43'),
(240, 14, '2026-06-17', '18:00:00', 'СР', 50, 50, 0, 1, '2026-06-15 16:35:43'),
(241, 14, '2026-06-18', '10:00:00', 'ЧТ', 50, 50, 0, 1, '2026-06-15 16:35:43'),
(242, 14, '2026-06-18', '14:00:00', 'ЧТ', 50, 50, 0, 1, '2026-06-15 16:35:43'),
(243, 14, '2026-06-18', '18:00:00', 'ЧТ', 50, 50, 0, 1, '2026-06-15 16:35:43'),
(244, 14, '2026-06-19', '10:00:00', 'ПТ', 50, 50, 0, 1, '2026-06-15 16:35:43'),
(245, 14, '2026-06-19', '14:00:00', 'ПТ', 50, 50, 0, 1, '2026-06-15 16:35:43'),
(246, 14, '2026-06-19', '18:00:00', 'ПТ', 50, 50, 0, 1, '2026-06-15 16:35:43'),
(247, 14, '2026-06-20', '10:00:00', 'СБ', 50, 50, 0, 1, '2026-06-15 16:35:43'),
(248, 14, '2026-06-20', '14:00:00', 'СБ', 50, 50, 0, 1, '2026-06-15 16:35:43'),
(249, 14, '2026-06-20', '18:00:00', 'СБ', 50, 50, 0, 1, '2026-06-15 16:35:43'),
(250, 14, '2026-06-21', '10:00:00', 'ВС', 50, 50, 0, 1, '2026-06-15 16:35:43'),
(251, 14, '2026-06-21', '14:00:00', 'ВС', 50, 50, 0, 1, '2026-06-15 16:35:43'),
(252, 14, '2026-06-21', '18:00:00', 'ВС', 50, 50, 0, 1, '2026-06-15 16:35:43'),
(253, 16, '2026-06-15', '10:00:00', 'ПН', 50, 50, 0, 1, '2026-06-15 16:35:43'),
(254, 16, '2026-06-15', '14:00:00', 'ПН', 50, 50, 0, 1, '2026-06-15 16:35:43'),
(255, 16, '2026-06-15', '18:00:00', 'ПН', 50, 50, 0, 1, '2026-06-15 16:35:43'),
(256, 16, '2026-06-16', '10:00:00', 'ВТ', 50, 50, 0, 1, '2026-06-15 16:35:43'),
(257, 16, '2026-06-16', '14:00:00', 'ВТ', 50, 50, 0, 1, '2026-06-15 16:35:43'),
(258, 16, '2026-06-16', '18:00:00', 'ВТ', 50, 50, 0, 1, '2026-06-15 16:35:43'),
(259, 16, '2026-06-17', '10:00:00', 'СР', 50, 50, 0, 1, '2026-06-15 16:35:43'),
(260, 16, '2026-06-17', '14:00:00', 'СР', 50, 50, 0, 1, '2026-06-15 16:35:43'),
(261, 16, '2026-06-17', '18:00:00', 'СР', 50, 50, 0, 1, '2026-06-15 16:35:43'),
(262, 16, '2026-06-18', '10:00:00', 'ЧТ', 50, 50, 0, 1, '2026-06-15 16:35:43'),
(263, 16, '2026-06-18', '14:00:00', 'ЧТ', 50, 50, 0, 1, '2026-06-15 16:35:43'),
(264, 16, '2026-06-18', '18:00:00', 'ЧТ', 50, 50, 0, 1, '2026-06-15 16:35:43'),
(265, 16, '2026-06-19', '10:00:00', 'ПТ', 50, 50, 0, 1, '2026-06-15 16:35:43'),
(266, 16, '2026-06-19', '14:00:00', 'ПТ', 50, 50, 0, 1, '2026-06-15 16:35:43'),
(267, 16, '2026-06-19', '18:00:00', 'ПТ', 50, 50, 0, 1, '2026-06-15 16:35:43'),
(268, 16, '2026-06-20', '10:00:00', 'СБ', 50, 50, 0, 1, '2026-06-15 16:35:43'),
(269, 16, '2026-06-20', '14:00:00', 'СБ', 50, 50, 0, 1, '2026-06-15 16:35:43'),
(270, 16, '2026-06-20', '18:00:00', 'СБ', 50, 50, 0, 1, '2026-06-15 16:35:43'),
(271, 16, '2026-06-21', '10:00:00', 'ВС', 50, 50, 0, 1, '2026-06-15 16:35:43'),
(272, 16, '2026-06-21', '14:00:00', 'ВС', 50, 50, 0, 1, '2026-06-15 16:35:43'),
(273, 16, '2026-06-21', '18:00:00', 'ВС', 50, 50, 0, 1, '2026-06-15 16:35:43'),
(274, 17, '2026-06-15', '10:00:00', 'ПН', 50, 50, 0, 1, '2026-06-15 16:35:43'),
(275, 17, '2026-06-15', '14:00:00', 'ПН', 50, 50, 0, 1, '2026-06-15 16:35:43'),
(276, 17, '2026-06-15', '18:00:00', 'ПН', 50, 50, 0, 1, '2026-06-15 16:35:43'),
(277, 17, '2026-06-16', '10:00:00', 'ВТ', 50, 50, 0, 1, '2026-06-15 16:35:43'),
(278, 17, '2026-06-16', '14:00:00', 'ВТ', 50, 50, 0, 1, '2026-06-15 16:35:43'),
(279, 17, '2026-06-16', '18:00:00', 'ВТ', 50, 50, 0, 1, '2026-06-15 16:35:43'),
(280, 17, '2026-06-17', '10:00:00', 'СР', 50, 50, 0, 1, '2026-06-15 16:35:43'),
(281, 17, '2026-06-17', '14:00:00', 'СР', 50, 50, 0, 1, '2026-06-15 16:35:43'),
(282, 17, '2026-06-17', '18:00:00', 'СР', 50, 50, 0, 1, '2026-06-15 16:35:43'),
(283, 17, '2026-06-18', '10:00:00', 'ЧТ', 50, 50, 0, 1, '2026-06-15 16:35:43'),
(284, 17, '2026-06-18', '14:00:00', 'ЧТ', 50, 50, 0, 1, '2026-06-15 16:35:43'),
(285, 17, '2026-06-18', '18:00:00', 'ЧТ', 50, 50, 0, 1, '2026-06-15 16:35:43'),
(286, 17, '2026-06-19', '10:00:00', 'ПТ', 50, 50, 0, 1, '2026-06-15 16:35:43'),
(287, 17, '2026-06-19', '14:00:00', 'ПТ', 50, 50, 0, 1, '2026-06-15 16:35:43'),
(288, 17, '2026-06-19', '18:00:00', 'ПТ', 50, 50, 0, 1, '2026-06-15 16:35:43'),
(289, 17, '2026-06-20', '10:00:00', 'СБ', 50, 50, 0, 1, '2026-06-15 16:35:43'),
(290, 17, '2026-06-20', '14:00:00', 'СБ', 50, 50, 0, 1, '2026-06-15 16:35:43'),
(291, 17, '2026-06-20', '18:00:00', 'СБ', 50, 50, 0, 1, '2026-06-15 16:35:43'),
(292, 17, '2026-06-21', '10:00:00', 'ВС', 50, 50, 0, 1, '2026-06-15 16:35:43'),
(293, 17, '2026-06-21', '14:00:00', 'ВС', 50, 50, 0, 1, '2026-06-15 16:35:43'),
(294, 17, '2026-06-21', '18:00:00', 'ВС', 50, 50, 0, 1, '2026-06-15 16:35:43'),
(295, 18, '2026-06-15', '10:00:00', 'ПН', 50, 50, 0, 1, '2026-06-15 16:35:43'),
(296, 18, '2026-06-15', '14:00:00', 'ПН', 50, 50, 0, 1, '2026-06-15 16:35:43'),
(297, 18, '2026-06-15', '18:00:00', 'ПН', 50, 50, 0, 1, '2026-06-15 16:35:43'),
(298, 18, '2026-06-16', '10:00:00', 'ВТ', 50, 50, 0, 1, '2026-06-15 16:35:43'),
(299, 18, '2026-06-16', '14:00:00', 'ВТ', 50, 50, 0, 1, '2026-06-15 16:35:43'),
(300, 18, '2026-06-16', '18:00:00', 'ВТ', 50, 50, 0, 1, '2026-06-15 16:35:43'),
(301, 18, '2026-06-17', '10:00:00', 'СР', 50, 50, 0, 1, '2026-06-15 16:35:43'),
(302, 18, '2026-06-17', '14:00:00', 'СР', 50, 50, 0, 1, '2026-06-15 16:35:43'),
(303, 18, '2026-06-17', '18:00:00', 'СР', 50, 50, 0, 1, '2026-06-15 16:35:43'),
(304, 18, '2026-06-18', '10:00:00', 'ЧТ', 50, 50, 0, 1, '2026-06-15 16:35:43'),
(305, 18, '2026-06-18', '14:00:00', 'ЧТ', 50, 50, 0, 1, '2026-06-15 16:35:43'),
(306, 18, '2026-06-18', '18:00:00', 'ЧТ', 50, 50, 0, 1, '2026-06-15 16:35:43'),
(307, 18, '2026-06-19', '10:00:00', 'ПТ', 50, 50, 0, 1, '2026-06-15 16:35:43'),
(308, 18, '2026-06-19', '14:00:00', 'ПТ', 50, 50, 0, 1, '2026-06-15 16:35:43'),
(309, 18, '2026-06-19', '18:00:00', 'ПТ', 50, 50, 0, 1, '2026-06-15 16:35:43'),
(310, 18, '2026-06-20', '10:00:00', 'СБ', 50, 50, 0, 1, '2026-06-15 16:35:43'),
(311, 18, '2026-06-20', '14:00:00', 'СБ', 50, 50, 0, 1, '2026-06-15 16:35:43'),
(312, 18, '2026-06-20', '18:00:00', 'СБ', 50, 50, 0, 1, '2026-06-15 16:35:43'),
(313, 18, '2026-06-21', '10:00:00', 'ВС', 50, 50, 0, 1, '2026-06-15 16:35:43'),
(314, 18, '2026-06-21', '14:00:00', 'ВС', 50, 50, 0, 1, '2026-06-15 16:35:43'),
(315, 18, '2026-06-21', '18:00:00', 'ВС', 50, 50, 0, 1, '2026-06-15 16:35:43'),
(316, 19, '2026-06-15', '10:00:00', 'ПН', 50, 50, 0, 1, '2026-06-15 16:35:43'),
(317, 19, '2026-06-15', '14:00:00', 'ПН', 50, 50, 0, 1, '2026-06-15 16:35:43'),
(318, 19, '2026-06-15', '18:00:00', 'ПН', 50, 50, 0, 1, '2026-06-15 16:35:43'),
(319, 19, '2026-06-16', '10:00:00', 'ВТ', 50, 50, 0, 1, '2026-06-15 16:35:43'),
(320, 19, '2026-06-16', '14:00:00', 'ВТ', 50, 50, 0, 1, '2026-06-15 16:35:43'),
(321, 19, '2026-06-16', '18:00:00', 'ВТ', 50, 50, 0, 1, '2026-06-15 16:35:43'),
(322, 19, '2026-06-17', '10:00:00', 'СР', 50, 50, 0, 1, '2026-06-15 16:35:43'),
(323, 19, '2026-06-17', '14:00:00', 'СР', 50, 50, 0, 1, '2026-06-15 16:35:43'),
(324, 19, '2026-06-17', '18:00:00', 'СР', 50, 50, 0, 1, '2026-06-15 16:35:43'),
(325, 19, '2026-06-18', '10:00:00', 'ЧТ', 50, 50, 0, 1, '2026-06-15 16:35:43'),
(326, 19, '2026-06-18', '14:00:00', 'ЧТ', 50, 50, 0, 1, '2026-06-15 16:35:43'),
(327, 19, '2026-06-18', '18:00:00', 'ЧТ', 50, 50, 0, 1, '2026-06-15 16:35:43'),
(328, 19, '2026-06-19', '10:00:00', 'ПТ', 50, 50, 0, 1, '2026-06-15 16:35:43'),
(329, 19, '2026-06-19', '14:00:00', 'ПТ', 50, 50, 0, 1, '2026-06-15 16:35:43'),
(330, 19, '2026-06-19', '18:00:00', 'ПТ', 50, 50, 0, 1, '2026-06-15 16:35:43'),
(331, 19, '2026-06-20', '10:00:00', 'СБ', 50, 50, 0, 1, '2026-06-15 16:35:43'),
(332, 19, '2026-06-20', '14:00:00', 'СБ', 50, 50, 0, 1, '2026-06-15 16:35:43'),
(333, 19, '2026-06-20', '18:00:00', 'СБ', 50, 50, 0, 1, '2026-06-15 16:35:43'),
(334, 19, '2026-06-21', '10:00:00', 'ВС', 50, 50, 0, 1, '2026-06-15 16:35:43'),
(335, 19, '2026-06-21', '14:00:00', 'ВС', 50, 50, 0, 1, '2026-06-15 16:35:43'),
(336, 19, '2026-06-21', '18:00:00', 'ВС', 50, 50, 0, 1, '2026-06-15 16:35:43'),
(337, 21, '2026-06-15', '10:00:00', 'ПН', 50, 50, 0, 1, '2026-06-15 16:35:43'),
(338, 21, '2026-06-15', '14:00:00', 'ПН', 50, 50, 0, 1, '2026-06-15 16:35:43'),
(339, 21, '2026-06-15', '18:00:00', 'ПН', 50, 50, 0, 1, '2026-06-15 16:35:43'),
(340, 21, '2026-06-16', '10:00:00', 'ВТ', 50, 50, 0, 1, '2026-06-15 16:35:43'),
(341, 21, '2026-06-16', '14:00:00', 'ВТ', 50, 50, 0, 1, '2026-06-15 16:35:43'),
(342, 21, '2026-06-16', '18:00:00', 'ВТ', 50, 50, 0, 1, '2026-06-15 16:35:43'),
(343, 21, '2026-06-17', '10:00:00', 'СР', 50, 50, 0, 1, '2026-06-15 16:35:43'),
(344, 21, '2026-06-17', '14:00:00', 'СР', 50, 50, 0, 1, '2026-06-15 16:35:43'),
(345, 21, '2026-06-17', '18:00:00', 'СР', 50, 50, 0, 1, '2026-06-15 16:35:43'),
(346, 21, '2026-06-18', '10:00:00', 'ЧТ', 50, 50, 0, 1, '2026-06-15 16:35:43'),
(347, 21, '2026-06-18', '14:00:00', 'ЧТ', 50, 50, 0, 1, '2026-06-15 16:35:43'),
(348, 21, '2026-06-18', '18:00:00', 'ЧТ', 50, 50, 0, 1, '2026-06-15 16:35:43'),
(349, 21, '2026-06-19', '10:00:00', 'ПТ', 50, 50, 0, 1, '2026-06-15 16:35:43'),
(350, 21, '2026-06-19', '14:00:00', 'ПТ', 50, 50, 0, 1, '2026-06-15 16:35:43'),
(351, 21, '2026-06-19', '18:00:00', 'ПТ', 50, 50, 0, 1, '2026-06-15 16:35:43'),
(352, 21, '2026-06-20', '10:00:00', 'СБ', 50, 50, 0, 1, '2026-06-15 16:35:43'),
(353, 21, '2026-06-20', '14:00:00', 'СБ', 50, 50, 0, 1, '2026-06-15 16:35:43'),
(354, 21, '2026-06-20', '18:00:00', 'СБ', 50, 50, 0, 1, '2026-06-15 16:35:43'),
(355, 21, '2026-06-21', '10:00:00', 'ВС', 50, 50, 0, 1, '2026-06-15 16:35:43'),
(356, 21, '2026-06-21', '14:00:00', 'ВС', 50, 50, 0, 1, '2026-06-15 16:35:43'),
(357, 21, '2026-06-21', '18:00:00', 'ВС', 50, 50, 0, 1, '2026-06-15 16:35:43');

-- --------------------------------------------------------

--
-- Структура таблицы `ticket_bookings`
--

CREATE TABLE `ticket_bookings` (
  `id` int NOT NULL,
  `session_id` int NOT NULL,
  `ticket_category_id` int NOT NULL,
  `user_email` varchar(255) COLLATE utf8mb4_unicode_ci DEFAULT NULL,
  `user_phone` varchar(50) COLLATE utf8mb4_unicode_ci DEFAULT NULL,
  `quantity` int NOT NULL,
  `total_price` decimal(10,2) NOT NULL,
  `payment_method` enum('bank_card','pushkin_card') COLLATE utf8mb4_unicode_ci NOT NULL,
  `booking_status` enum('pending','confirmed','cancelled') COLLATE utf8mb4_unicode_ci DEFAULT 'pending',
  `booking_code` varchar(50) COLLATE utf8mb4_unicode_ci DEFAULT NULL,
  `created_at` timestamp NULL DEFAULT CURRENT_TIMESTAMP
) ENGINE=InnoDB DEFAULT CHARSET=utf8mb4 COLLATE=utf8mb4_unicode_ci;

-- --------------------------------------------------------

--
-- Структура таблицы `ticket_categories`
--

CREATE TABLE `ticket_categories` (
  `id` int NOT NULL,
  `category` enum('museum','poster') COLLATE utf8mb4_unicode_ci NOT NULL,
  `title` varchar(150) COLLATE utf8mb4_unicode_ci NOT NULL,
  `description` varchar(255) COLLATE utf8mb4_unicode_ci DEFAULT NULL,
  `price` decimal(10,2) NOT NULL,
  `quantity` int DEFAULT '0',
  `pushkin_card_allowed` tinyint(1) DEFAULT '0',
  `age_restriction` varchar(100) COLLATE utf8mb4_unicode_ci DEFAULT NULL,
  `student_discount` tinyint(1) DEFAULT '0',
  `icon` varchar(50) COLLATE utf8mb4_unicode_ci DEFAULT NULL
) ENGINE=InnoDB DEFAULT CHARSET=utf8mb4 COLLATE=utf8mb4_unicode_ci;

--
-- Дамп данных таблицы `ticket_categories`
--

INSERT INTO `ticket_categories` (`id`, `category`, `title`, `description`, `price`, `quantity`, `pushkin_card_allowed`, `age_restriction`, `student_discount`, `icon`) VALUES
(1, 'museum', 'Взрослые (РФ и другие страны ЕАЭС)', NULL, '700.00', 1, 0, 'adults', 0, 'adult'),
(2, 'museum', 'Пенсионеры (РФ и другие страны ЕАЭС)', NULL, '400.00', 0, 0, 'pensioners', 0, NULL),
(3, 'museum', 'Дети и взрослые от 7 до 17 лет', NULL, '350.00', 0, 1, '7-17', 0, 'child'),
(4, 'museum', 'Студенты вузов', NULL, '400.00', 0, 1, 'students', 1, 'student'),
(5, 'poster', 'Мероприятие - взрослый билет', NULL, '500.00', 0, 1, NULL, 0, NULL),
(6, 'museum', 'Взрослые РФ', NULL, '800.00', 0, 1, 'adults', 0, 'adult'),
(7, 'museum', 'Пенсионеры РФ', NULL, '550.00', 0, 0, 'pensioners', 0, NULL),
(8, 'museum', 'Лица, не достигшие восемнадцати лет', NULL, '550.00', 0, 1, '7-17', 0, 'child'),
(9, 'museum', 'Дети до 6 лет (включительно)', NULL, '0.00', 0, 0, '0-6', 0, 'child'),
(10, 'museum', 'Инвалиды I и II группы', NULL, '0.00', 0, 0, NULL, 0, NULL),
(11, 'museum', 'Инвалиды III группы', NULL, '550.00', 0, 0, NULL, 0, NULL),
(12, 'museum', 'Участники СВО и члены их семей', NULL, '0.00', 0, 0, NULL, 0, NULL),
(13, 'museum', 'Ветераны, инвалиды ВОВ, и др. боевых действий', NULL, '0.00', 0, 0, NULL, 0, NULL),
(14, 'museum', 'Студенты РФ ВУЗов очной формы обучения', NULL, '550.00', 0, 1, 'students', 1, 'student'),
(15, 'museum', 'Военнослужащие, проходящие военную службу по призыву', NULL, '550.00', 0, 0, NULL, 0, NULL),
(16, 'museum', 'Члены многодетных семей (дети)', NULL, '0.00', 0, 0, 'child', 0, 'child'),
(17, 'museum', 'Члены многодетных семей (взрослые)', NULL, '0.00', 0, 0, 'adults', 0, 'adult'),
(18, 'museum', 'Бесплатная 3-я среда месяца лица, не достигшие восемнадцати лет', NULL, '0.00', 0, 0, '7-17', 0, 'child'),
(19, 'museum', 'Бесплатная 3-я среда месяца студенты РФ', NULL, '0.00', 0, 0, 'students', 1, 'student'),
(20, 'museum', 'Лица проживающие в гостинице Усадьба Горки', NULL, '550.00', 0, 0, NULL, 0, NULL),
(21, 'museum', 'Сопровождающие', NULL, '0.00', 0, 0, NULL, 0, NULL),
(22, 'museum', 'Члены Международного Совета музеев (ICOM)', NULL, '0.00', 0, 0, NULL, 0, NULL),
(23, 'museum', '( Adult ) Иностранные граждане', NULL, '950.00', 0, 0, 'adults', 0, 'adult'),
(24, 'museum', 'Участники ликвидации катастрофы на Чернобыльской АЭС', NULL, '550.00', 0, 0, NULL, 0, NULL),
(25, 'museum', 'Сотрудники государственных музеев РФ', NULL, '0.00', 0, 0, NULL, 0, NULL),
(26, 'poster', 'Мероприятие - льготный билет', NULL, '350.00', 0, 0, NULL, 0, 'adult'),
(27, 'poster', 'Мероприятие - детский билет', NULL, '250.00', 0, 0, NULL, 0, 'child'),
(28, 'poster', 'Мероприятие - студенческий билет', NULL, '300.00', 0, 0, NULL, 0, 'student');

--
-- Индексы сохранённых таблиц
--

--
-- Индексы таблицы `data_content`
--
ALTER TABLE `data_content`
  ADD PRIMARY KEY (`id`);

--
-- Индексы таблицы `orders`
--
ALTER TABLE `orders`
  ADD PRIMARY KEY (`id`),
  ADD UNIQUE KEY `order_number` (`order_number`),
  ADD UNIQUE KEY `qr_code_token` (`qr_code_token`),
  ADD KEY `booking_id` (`booking_id`);

--
-- Индексы таблицы `session_schedule`
--
ALTER TABLE `session_schedule`
  ADD PRIMARY KEY (`id`),
  ADD UNIQUE KEY `unique_event_session` (`event_id`,`session_date`,`session_time`);

--
-- Индексы таблицы `ticket_bookings`
--
ALTER TABLE `ticket_bookings`
  ADD PRIMARY KEY (`id`),
  ADD UNIQUE KEY `booking_code` (`booking_code`),
  ADD KEY `session_id` (`session_id`),
  ADD KEY `ticket_category_id` (`ticket_category_id`);

--
-- Индексы таблицы `ticket_categories`
--
ALTER TABLE `ticket_categories`
  ADD PRIMARY KEY (`id`);

--
-- AUTO_INCREMENT для сохранённых таблиц
--

--
-- AUTO_INCREMENT для таблицы `data_content`
--
ALTER TABLE `data_content`
  MODIFY `id` int NOT NULL AUTO_INCREMENT, AUTO_INCREMENT=22;

--
-- AUTO_INCREMENT для таблицы `orders`
--
ALTER TABLE `orders`
  MODIFY `id` int NOT NULL AUTO_INCREMENT, AUTO_INCREMENT=9;

--
-- AUTO_INCREMENT для таблицы `session_schedule`
--
ALTER TABLE `session_schedule`
  MODIFY `id` int NOT NULL AUTO_INCREMENT, AUTO_INCREMENT=1429;

--
-- AUTO_INCREMENT для таблицы `ticket_bookings`
--
ALTER TABLE `ticket_bookings`
  MODIFY `id` int NOT NULL AUTO_INCREMENT, AUTO_INCREMENT=9;

--
-- AUTO_INCREMENT для таблицы `ticket_categories`
--
ALTER TABLE `ticket_categories`
  MODIFY `id` int NOT NULL AUTO_INCREMENT, AUTO_INCREMENT=29;

--
-- Ограничения внешнего ключа сохраненных таблиц
--

--
-- Ограничения внешнего ключа таблицы `orders`
--
ALTER TABLE `orders`
  ADD CONSTRAINT `orders_ibfk_1` FOREIGN KEY (`booking_id`) REFERENCES `ticket_bookings` (`id`) ON DELETE SET NULL;

--
-- Ограничения внешнего ключа таблицы `session_schedule`
--
ALTER TABLE `session_schedule`
  ADD CONSTRAINT `fk_session_event` FOREIGN KEY (`event_id`) REFERENCES `data_content` (`id`) ON DELETE CASCADE;

--
-- Ограничения внешнего ключа таблицы `ticket_bookings`
--
ALTER TABLE `ticket_bookings`
  ADD CONSTRAINT `ticket_bookings_ibfk_1` FOREIGN KEY (`session_id`) REFERENCES `session_schedule` (`id`),
  ADD CONSTRAINT `ticket_bookings_ibfk_2` FOREIGN KEY (`ticket_category_id`) REFERENCES `ticket_categories` (`id`);
COMMIT;

/*!40101 SET CHARACTER_SET_CLIENT=@OLD_CHARACTER_SET_CLIENT */;
/*!40101 SET CHARACTER_SET_RESULTS=@OLD_CHARACTER_SET_RESULTS */;
/*!40101 SET COLLATION_CONNECTION=@OLD_COLLATION_CONNECTION */;
